{"loss": [1.334748387336731, 0.4362484812736511, 0.26831290125846863, 0.1888398826122284, 0.138376846909523, 0.10921987146139145, 0.08826125413179398, 0.07386743277311325, 0.0654846802353859, 0.05736204981803894], "accuracy": [0.6078431606292725, 0.8614837527275085, 0.912696361541748, 0.9390264749526978, 0.9548933506011963, 0.9632925987243652, 0.9714912176132202, 0.976378858089447, 0.978715181350708, 0.9820404648780823], "val_loss": [0.4982600808143616, 0.3472784757614136, 0.19837288558483124, 0.2676669955253601, 0.15019963681697845, 0.1634727120399475, 0.15370316803455353, 0.1536508947610855, 0.1449018269777298, 0.10329101979732513], "val_accuracy": [0.8431125283241272, 0.8888379335403442, 0.9362823963165283, 0.9159408807754517, 0.9539880752563477, 0.9518679976463318, 0.9551913738250732, 0.9565092921257019, 0.9575979709625244, 0.9686568975448608]}